Date,Open,High,Low,Close,Volume,Change,ChangePct
1998-01-02,20.72,20.78,20.19,20.38,646600,0.405,-1.949
1998-01-05,20.28,20.60,19.82,20.00,985400,0.375,-1.84
1998-01-06,19.75,19.85,19.07,19.38,2035500,0.625,-3.125
1998-01-07,19.25,19.50,19.10,19.50,1680800,0.125,0.645
1998-01-08,19.50,19.50,19.10,19.25,1141700,0.250,-1.282
1998-01-09,19.38,19.75,19.22,19.66,1329700,0.405,2.104
1998-01-12,19.63,19.88,19.44,19.69,1298000,0.035,0.178
1998-01-13,19.63,20.35,19.63,20.25,1178800,0.560,2.844
1998-01-14,20.25,20.50,19.88,20.00,1176300,0.250,-1.235
1998-01-15,20.00,20.03,19.88,19.91,980100,0.095,-0.475
1998-01-16,20.00,20.38,20.00,20.07,1330400,0.160,0.804
1998-01-20,20.35,21.19,20.22,21.03,1931500,0.965,4.809
1998-01-21,20.91,21.19,20.63,21.13,1292500,0.095,0.452
1998-01-22,21.00,21.47,21.00,21.32,2221200,0.190,0.899
1998-01-23,21.32,21.50,20.75,20.82,1527200,0.500,-2.346
1998-01-26,20.75,20.94,20.00,20.10,1957900,0.720,-3.459
1998-01-27,20.25,20.69,20.22,20.57,1650500,0.470,2.339
1998-01-28,20.69,20.69,20.41,20.47,793200,0.095,-0.462
1998-01-29,20.25,20.60,20.19,20.41,1248400,0.065,-0.318
1998-01-30,20.50,20.94,20.47,20.72,1048700,0.315,1.544
1998-02-02,20.91,21.28,20.88,21.00,1312900,0.280,1.351
1998-02-03,20.97,21.38,20.97,21.22,1171700,0.220,1.048
1998-02-04,21.22,21.28,21.13,21.22,884100,,
1998-02-05,21.25,21.38,21.00,21.16,896400,0.065,-0.306
1998-02-06,21.16,21.16,20.82,20.91,481300,0.250,-1.182
1998-02-09,20.97,21.07,20.75,20.97,604700,0.065,0.311
1998-02-10,20.97,21.38,20.91,21.22,1093100,0.250,1.192
1998-02-11,21.22,21.25,20.88,21.00,822400,0.220,-1.037
1998-02-12,20.91,21.66,20.85,21.63,978200,0.625,2.976
1998-02-13,21.44,21.69,21.35,21.66,573500,0.030,0.139
1998-02-17,21.72,22.07,21.60,21.97,1301600,0.315,1.455
1998-02-18,21.97,22.25,21.91,22.25,1425400,0.280,1.274
1998-02-19,22.19,22.88,22.19,22.82,2735700,0.565,2.539
1998-02-20,22.75,23.03,22.50,22.82,1171200,,
1998-02-23,22.69,22.75,22.28,22.50,985200,0.315,-1.381
1998-02-24,22.32,22.47,22.00,22.19,1364500,0.310,-1.378
1998-02-25,22.32,23.19,22.25,23.19,2209300,1.000,4.507
1998-02-26,23.07,23.82,23.07,23.47,2411600,0.280,1.207
1998-02-27,23.28,23.57,23.00,23.50,861900,0.030,0.128
1998-03-02,23.19,23.47,23.13,23.44,602300,0.060,-0.255
1998-03-03,23.44,23.60,23.32,23.44,688600,,
1998-03-04,23.22,23.60,23.19,23.38,658100,0.065,-0.277
1998-03-05,23.07,23.63,23.07,23.60,837900,0.220,0.941
1998-03-06,23.47,24.00,23.41,23.85,1048200,0.250,1.060
1998-03-09,23.66,23.94,23.63,23.82,668300,0.030,-0.126
1998-03-10,23.91,23.97,23.78,23.88,877800,0.060,0.252
1998-03-11,23.60,23.85,23.60,23.75,712600,0.125,-0.524
1998-03-12,23.57,23.85,23.50,23.82,684400,0.065,0.274
1998-03-13,23.72,23.72,23.22,23.41,1061600,0.410,-1.722
1998-03-16,23.41,23.47,22.82,23.00,766500,0.405,-1.73
1998-03-17,23.00,23.16,22.82,22.94,477100,0.060,-0.261
1998-03-18,23.10,23.50,22.97,23.44,934500,0.500,2.180
1998-03-19,23.35,23.57,23.32,23.47,356700,0.030,0.128
1998-03-20,23.60,23.69,23.32,23.63,733800,0.155,0.660
1998-03-23,23.50,23.94,23.50,23.75,938200,0.125,0.529
1998-03-24,23.88,23.97,23.63,23.69,820900,0.060,-0.253
1998-03-25,23.72,23.82,23.47,23.63,561800,0.065,-0.274
1998-03-26,23.50,23.69,23.32,23.35,666100,0.280,-1.185
1998-03-27,23.47,23.50,23.03,23.13,499700,0.220,-0.942
1998-03-30,23.00,23.19,22.75,23.00,796000,0.125,-0.541
1998-03-31,23.10,23.44,22.94,23.19,551600,0.190,0.826
1998-04-01,23.07,23.22,22.97,23.19,494000,,
1998-04-02,23.19,23.63,23.13,23.41,1017300,0.215,0.927
1998-04-03,23.41,23.60,23.32,23.47,568900,0.065,0.278
1998-04-06,23.63,23.69,23.19,23.19,746900,0.280,-1.193
1998-04-07,23.32,23.47,23.22,23.41,429600,0.215,0.927
1998-04-08,23.35,23.38,22.78,22.97,564300,0.435,-1.859
1998-04-09,23.03,23.82,23.03,23.72,1429800,0.750,3.265
1998-04-13,23.72,23.78,23.41,23.63,609900,0.095,-0.401
1998-04-14,23.82,25.75,23.78,25.00,4222000,1.375,5.820
1998-04-15,25.13,25.57,25.10,25.32,3676300,0.315,1.260
1998-04-16,25.19,25.22,24.88,25.07,2097400,0.250,-0.988
1998-04-17,25.00,26.07,24.94,25.91,2596500,0.840,3.351
1998-04-20,25.97,26.00,25.32,25.72,1179100,0.185,-0.714
1998-04-21,25.50,25.78,25.16,25.57,1835000,0.155,-0.603
1998-04-23,24.88,24.97,24.47,24.72,2040700,0.845,-3.305
1998-04-24,24.50,24.50,24.16,24.28,706400,0.440,-1.78
1998-04-27,24.22,24.25,23.72,23.88,963600,0.405,-1.668
1998-04-28,24.07,24.60,24.03,24.38,1451500,0.500,2.094
1998-04-29,24.35,24.35,24.13,24.22,901000,0.155,-0.636
1998-04-30,24.25,24.75,24.13,24.60,1435800,0.375,1.548
1998-05-01,24.60,25.57,24.60,25.38,1555800,0.780,3.171
1998-05-04,25.97,25.97,24.97,25.03,708500,0.345,-1.36
1998-05-05,25.13,26.13,25.13,26.13,6937700,1.095,4.375
1998-05-06,26.28,26.47,25.88,26.32,2363300,0.190,0.727
1998-05-07,26.19,26.44,26.00,26.38,1759500,0.060,0.228
1998-05-08,26.41,26.47,26.16,26.47,1198000,0.095,0.360
1998-05-11,26.41,26.60,26.25,26.50,939600,0.030,0.113
1998-05-12,26.50,26.66,25.75,26.47,1000600,0.030,-0.113
1998-05-13,26.25,26.32,26.10,26.16,2064100,0.315,-1.19
1998-05-14,26.13,26.13,25.60,25.69,1649900,0.465,-1.778
1998-05-15,25.75,25.97,25.38,25.38,953600,0.315,-1.226
1998-05-18,25.57,25.75,25.41,25.69,648700,0.315,1.241
1998-05-19,25.78,25.85,25.44,25.57,888600,0.125,-0.487
1998-05-20,25.57,25.57,25.57,25.57,0,,
1998-05-21,25.53,25.66,25.19,25.25,609400,0.315,-1.232
1998-05-22,25.25,25.32,24.82,25.03,522100,0.220,-0.871
1998-05-26,25.10,25.22,24.78,24.85,1054100,0.185,-0.739
1998-05-27,24.72,24.72,24.28,24.44,3544300,0.405,-1.63
1998-05-28,24.41,25.07,24.35,24.94,1429800,0.500,2.046
1998-05-29,25.00,25.10,24.82,25.07,656300,0.125,0.501
1998-06-01,25.07,25.35,24.66,24.88,678900,0.190,-0.758
1998-06-02,25.07,25.22,24.85,25.13,797200,0.250,1.005
1998-06-03,25.22,25.38,24.91,24.94,658900,0.185,-0.736
1998-06-04,25.00,25.19,24.88,25.07,832200,0.125,0.501
1998-06-05,25.25,25.78,25.10,25.75,766400,0.685,2.733
1998-06-08,25.72,25.97,25.60,25.88,641800,0.125,0.485
1998-06-09,26.00,26.00,25.25,25.41,754800,0.470,-1.816
1998-06-11,25.13,25.25,24.82,24.88,730100,0.530,-2.086
1998-06-12,24.82,25.03,24.75,24.94,707600,0.065,0.261
1998-06-15,24.69,24.82,24.22,24.69,1278600,0.250,-1.002
1998-06-16,24.57,24.75,24.35,24.41,586700,0.285,-1.154
1998-06-17,24.50,25.00,24.47,24.88,969500,0.470,1.926
1998-06-18,24.97,24.97,24.66,24.82,428700,0.060,-0.241
1998-06-19,24.85,25.07,24.60,24.91,1001400,0.090,0.363
1998-06-22,24.94,25.35,24.82,24.82,994400,0.090,-0.361
1998-06-23,24.94,25.10,24.75,24.82,705600,,
1998-06-24,24.82,24.82,24.57,24.69,953700,0.125,-0.504
1998-06-25,24.69,25.19,24.63,24.97,898100,0.280,1.134
1998-06-26,24.94,25.53,24.91,25.32,1287500,0.345,1.382
1998-06-29,25.60,26.22,25.50,26.10,1341500,0.780,3.081
1998-06-30,26.13,27.16,26.10,27.03,1577700,0.935,3.583
1998-07-01,27.00,27.32,26.75,26.94,1248200,0.090,-0.333
1998-07-02,27.13,27.53,26.97,27.13,1617000,0.185,0.687
1998-07-06,27.22,27.44,27.13,27.28,657200,0.155,0.571
1998-07-07,27.38,27.38,27.13,27.22,686000,0.060,-0.22
1998-07-08,27.22,27.35,27.03,27.25,697200,0.030,0.110
1998-07-09,27.25,27.32,27.13,27.25,1280400,,
1998-07-10,27.28,27.41,27.10,27.35,587400,0.095,0.349
1998-07-13,27.50,27.97,27.38,27.82,1261400,0.470,1.719
1998-07-14,27.94,28.38,27.57,27.88,1482400,0.060,0.216
1998-07-15,27.50,28.53,27.50,28.03,1115500,0.155,0.556
1998-07-16,27.97,28.88,27.97,28.88,1506900,0.845,3.015
1998-07-17,28.82,29.10,28.63,28.97,952100,0.095,0.329
1998-07-20,28.94,29.22,28.07,28.35,1158800,0.625,-2.157
1998-07-21,28.32,28.32,27.91,28.22,550800,0.125,-0.441
1998-07-22,28.25,28.25,27.91,28.25,544300,0.030,0.106
1998-07-23,27.82,28.28,27.78,28.25,1133100,,
1998-07-24,28.25,28.32,27.07,27.63,1688000,0.625,-2.212
1998-07-27,27.25,27.50,26.94,27.44,1287200,0.185,-0.67
1998-07-28,27.47,27.63,26.72,27.13,1169500,0.315,-1.148
1998-07-29,27.25,27.32,26.82,26.85,1455000,0.280,-1.032
1998-07-30,26.75,27.22,26.75,27.10,888800,0.250,0.931
1998-07-31,27.03,27.07,26.13,26.47,977700,0.625,-2.307
1998-08-03,26.50,26.66,26.00,26.07,932500,0.405,-1.53
1998-08-04,26.32,26.32,24.94,25.00,2129100,1.065,-4.086
1998-08-05,25.00,25.22,24.07,24.63,1744200,0.375,-1.5
1998-08-06,24.57,24.63,23.97,24.25,1376700,0.375,-1.523
1998-08-07,24.44,25.13,24.22,24.88,1008900,0.625,2.577
1998-08-10,24.60,24.78,24.32,24.63,574400,0.250,-1.005
1998-08-11,24.44,24.44,23.75,23.88,890400,0.750,-3.046
1998-08-12,24.44,24.44,23.75,24.00,1039000,0.125,0.524
1998-08-13,24.00,24.10,23.44,23.78,676800,0.220,-0.917
1998-08-14,23.78,23.97,23.16,23.38,603400,0.405,-1.703
1998-08-17,23.38,24.13,23.28,23.78,1111200,0.405,1.733
1998-08-18,23.94,23.94,23.47,23.72,614600,0.060,-0.252
1998-08-19,24.00,24.83,23.82,24.53,954300,0.810,3.415
1998-08-20,24.44,24.69,24.32,24.53,488100,,
1998-08-21,23.88,24.19,22.94,23.69,1394000,0.840,-3.424
1998-08-24,23.82,24.03,23.44,23.53,1014500,0.160,-0.675
1998-08-25,23.63,23.97,23.60,23.63,1293800,0.095,0.404
1998-08-26,23.57,23.88,23.50,23.66,946200,0.030,0.127
1998-08-27,23.50,23.63,22.69,23.00,934400,0.655,-2.769
1998-08-28,23.25,23.25,21.97,22.03,1574700,0.970,-4.217
1998-08-31,22.16,22.82,20.94,21.16,1948000,0.875,-3.972
1998-09-01,21.41,21.69,20.32,21.57,1568000,0.410,1.938
1998-09-02,21.72,22.85,21.47,22.25,1145700,0.685,3.176
1998-09-03,22.35,22.38,21.60,21.85,1626000,0.405,-1.82
1998-09-04,21.91,22.25,21.38,21.72,848500,0.125,-0.572
1998-09-08,22.25,23.03,21.94,22.50,773600,0.780,3.591
1998-09-09,23.25,23.25,22.17,22.38,909800,0.125,-0.556
1998-09-10,21.94,22.25,21.91,22.10,1099500,0.280,-1.251
1998-09-11,21.91,23.07,21.91,22.97,1236000,0.875,3.960
1998-09-14,23.50,24.91,23.41,24.88,1594100,1.905,8.293
1998-09-15,24.88,25.32,24.41,25.32,871100,0.440,1.769
1998-09-16,25.38,25.88,25.25,25.85,1102700,0.530,2.094
1998-09-17,25.07,25.32,24.78,25.00,788500,0.845,-3.269
1998-09-18,25.00,25.32,24.57,25.00,1028700,,
1998-09-21,24.50,25.66,24.38,25.38,846300,0.375,1.500
1998-09-22,25.38,25.47,24.88,25.35,654200,0.030,-0.118
1998-09-23,25.47,26.88,25.47,26.88,1162700,1.530,6.037
1998-09-24,26.88,27.00,26.32,26.50,1149700,0.375,-1.395
1998-09-28,26.13,26.13,25.50,25.57,590300,0.935,-3.528
1998-09-29,25.63,26.00,25.57,26.00,410300,0.435,1.702
1998-09-30,26.03,26.78,26.03,26.75,1575700,0.750,2.885
1998-10-01,26.25,26.25,25.57,25.69,1218400,1.060,-3.963
1998-10-02,25.72,26.44,25.63,26.07,1531500,0.375,1.460
1998-10-05,26.07,26.72,25.94,26.50,931200,0.435,1.669
1998-10-06,26.50,26.69,25.88,26.00,831900,0.500,-1.887
1998-10-07,25.91,26.53,25.50,26.00,840300,,
1998-10-08,25.66,26.07,25.25,25.69,747100,0.310,-1.192
1998-10-09,25.75,25.94,24.75,25.69,965700,,
1998-10-12,25.88,26.07,25.32,25.47,569800,0.220,-0.856
1998-10-13,25.50,26.16,25.00,25.60,921800,0.125,0.491
1998-10-14,25.63,25.91,25.63,25.66,1265700,0.060,0.234
1998-10-15,25.44,26.32,25.28,26.10,1204800,0.440,1.715
1998-10-16,26.75,26.75,26.13,26.57,1782000,0.470,1.801
1998-10-19,26.47,26.57,26.13,26.28,541700,0.285,-1.073
1998-10-20,26.32,26.69,26.28,26.47,806800,0.190,0.723
1998-10-21,26.60,26.63,25.75,26.38,609700,0.095,-0.359
1998-10-22,26.25,26.25,25.75,26.07,606000,0.310,-1.175
1998-10-23,26.07,26.28,25.69,26.25,765300,0.185,0.710
1998-10-26,26.38,26.57,25.91,26.00,744900,0.250,-0.952
1998-10-27,26.38,26.57,26.00,26.10,972500,0.095,0.365
1998-10-28,26.19,26.25,25.75,25.85,481900,0.250,-0.958
1998-10-29,25.66,26.07,25.38,26.07,940800,0.220,0.851
1998-10-30,26.22,26.63,26.07,26.38,690300,0.310,1.189
1998-11-02,26.41,26.88,26.07,26.85,1000400,0.470,1.782
1998-11-03,26.94,27.60,26.94,27.53,2269500,0.685,2.552
1998-11-04,27.63,28.47,27.63,28.07,2118600,0.535,1.943
1998-11-05,27.94,28.07,27.78,28.00,724300,0.065,-0.232
1998-11-06,27.82,28.00,27.57,27.91,700500,0.095,-0.339
1998-11-09,28.50,29.22,28.44,29.16,1831200,1.250,4.479
1998-11-10,28.75,28.78,28.19,28.22,1957400,0.935,-3.207
1998-11-11,28.22,28.22,27.22,27.50,1171100,0.720,-2.551
1998-11-12,27.57,27.63,26.97,27.44,1146100,0.060,-0.218
1998-11-13,27.50,27.82,26.94,27.03,1115900,0.410,-1.494
1998-11-16,27.44,27.50,26.91,27.41,871800,0.375,1.387
1998-11-17,27.25,27.28,26.82,26.97,963500,0.435,-1.587
1998-11-18,27.25,27.57,26.69,27.50,679600,0.530,1.965
1998-11-19,27.57,28.03,27.44,27.57,586900,0.065,0.236
1998-11-20,27.69,27.97,27.50,27.82,614200,0.250,0.907
1998-11-23,27.94,28.41,27.85,28.16,703200,0.340,1.222
1998-11-24,28.25,28.41,27.50,28.00,567400,0.155,-0.551
1998-11-25,27.47,27.47,27.47,27.47,0,0.530,-1.893
1998-11-27,27.25,27.72,27.00,27.10,193100,0.375,-1.365
1998-11-30,26.75,27.10,26.13,26.25,517800,0.845,-3.119
1998-12-01,26.16,26.50,26.07,26.35,567600,0.095,0.362
1998-12-02,26.03,26.16,25.50,25.91,475900,0.440,-1.67
1998-12-03,25.97,26.10,25.63,25.94,1151200,0.035,0.135
1998-12-04,26.19,27.60,26.19,27.38,1387700,1.435,5.532
1998-12-07,27.50,27.50,26.88,27.03,847400,0.345,-1.26
1998-12-08,27.00,28.00,27.00,27.16,1321800,0.125,0.462
1998-12-09,27.19,27.69,27.07,27.22,692100,0.065,0.239
1998-12-10,27.03,27.28,27.00,27.10,567800,0.125,-0.459
1998-12-11,27.03,27.22,27.00,27.00,443300,0.095,-0.351
1998-12-14,26.85,27.28,26.82,26.94,1245500,0.060,-0.222
1998-12-15,27.00,27.00,26.28,26.72,668500,0.220,-0.817
1998-12-16,27.50,27.88,27.47,27.57,1179200,0.845,3.162
1998-12-17,27.60,27.94,27.50,27.94,748200,0.375,1.360
1998-12-18,27.82,28.41,27.53,28.07,864500,0.125,0.447
1998-12-21,27.88,28.63,27.88,28.44,737100,0.375,1.336
1998-12-22,28.44,28.72,28.22,28.69,899100,0.250,0.879
1998-12-23,28.82,29.35,28.57,29.35,936100,0.655,2.283
1998-12-24,29.38,29.38,29.00,29.16,226200,0.190,-0.647
1998-12-28,29.03,29.16,28.44,28.57,444700,0.590,-2.024
1998-12-29,28.97,29.25,28.57,28.66,566200,0.090,0.315
1998-12-30,28.69,28.69,28.19,28.32,302100,0.340,-1.187
1998-12-31,28.00,28.78,28.00,28.53,435200,0.215,0.759
1999-01-04,28.88,29.75,28.75,29.63,1332700,1.095,3.838
1999-01-05,29.57,30.07,29.44,29.50,1177100,0.125,-0.422
1999-01-06,29.88,29.88,29.22,29.72,1204800,0.220,0.746
1999-01-07,29.69,31.44,29.32,31.00,1427200,1.280,4.307
1999-01-08,31.13,32.69,31.13,32.57,2388800,1.565,5.048
1999-01-11,32.07,33.13,31.78,32.22,1387300,0.345,-1.059
1999-01-12,32.07,33.57,32.03,33.44,2118400,1.220,3.786
1999-01-13,32.25,32.50,31.57,31.82,2975100,1.625,-4.859
1999-01-14,31.78,31.97,29.94,30.25,1161600,1.565,-4.919
1999-01-15,30.57,32.25,30.38,31.91,1009700,1.655,5.471
1999-01-19,31.63,32.69,31.44,32.50,1469200,0.595,1.865
1999-01-20,32.19,32.72,31.94,32.53,1816800,0.030,0.092
1999-01-21,32.82,33.44,32.41,33.00,2915600,0.470,1.445
1999-01-22,32.88,33.47,32.53,33.16,1971500,0.155,0.470
1999-01-25,33.03,33.47,32.16,32.69,1453600,0.465,-1.403
1999-01-26,32.69,32.69,31.88,32.19,1079700,0.500,-1.53
1999-01-27,32.38,32.75,31.88,32.10,1374000,0.095,-0.295
1999-01-28,32.16,32.72,31.94,32.60,1089300,0.500,1.558
1999-01-29,32.50,33.25,32.38,33.00,1464100,0.405,1.243
1999-02-01,33.00,33.69,32.78,32.97,930900,0.030,-0.091
1999-02-02,32.75,32.75,31.63,32.41,996400,0.565,-1.714
1999-02-03,32.00,32.19,31.63,32.03,938200,0.375,-1.157
1999-02-04,31.97,31.97,30.60,30.88,1340800,1.155,-3.606
1999-02-05,31.13,31.66,30.91,31.47,1134900,0.595,1.927
1999-02-08,31.00,32.38,31.00,32.35,1131600,0.875,2.780
1999-02-09,32.13,32.22,31.69,31.94,1213200,0.405,-1.252
1999-02-10,31.82,32.00,31.19,31.53,834000,0.410,-1.284
1999-02-11,31.41,31.50,30.88,31.35,1493000,0.185,-0.587
1999-02-12,31.57,31.88,31.35,31.35,6027800,,
1999-02-16,31.63,31.75,31.35,31.57,1221600,0.220,0.702
1999-02-17,31.38,31.57,30.78,30.97,1194100,0.595,-1.885
1999-02-18,31.03,31.13,30.35,30.66,1829100,0.315,-1.017
1999-02-19,30.57,31.38,30.44,31.25,632500,0.595,1.941
1999-02-22,31.16,32.28,30.63,32.00,1007500,0.750,2.400
1999-02-23,31.91,33.00,31.88,32.66,1888700,0.655,2.047
1999-02-24,32.66,34.44,32.60,34.13,2006300,1.470,4.502
1999-02-25,33.57,33.57,32.32,33.00,1391800,1.125,-3.297
1999-02-26,32.88,33.16,32.07,32.50,1003200,0.500,-1.515
1999-03-01,32.50,32.53,31.50,31.75,1742700,0.750,-2.308
1999-03-02,31.88,32.16,30.97,31.32,939500,0.435,-1.37
1999-03-03,31.22,31.78,31.16,31.69,987700,0.375,1.198
1999-03-04,31.75,32.66,31.75,32.50,1169200,0.810,2.556
1999-03-05,32.75,33.07,32.72,32.94,758400,0.440,1.354
1999-03-08,32.82,33.50,32.69,33.35,836500,0.405,1.230
1999-03-09,33.38,34.22,33.03,33.88,1477800,0.530,1.589
1999-03-10,34.00,35.07,34.00,35.00,1666200,1.125,3.321
1999-03-11,34.94,35.60,34.85,35.28,1301900,0.280,0.800
1999-03-12,34.88,35.00,34.35,34.44,1583000,0.840,-2.381
1999-03-15,34.13,34.19,33.72,34.00,1583900,0.440,-1.278
1999-03-16,34.07,34.07,33.47,33.47,869400,0.530,-1.559
1999-03-17,33.35,33.88,33.28,33.82,1240700,0.345,1.031
1999-03-18,34.25,34.91,34.19,34.82,1121800,1.000,2.957
1999-03-19,34.94,34.97,34.44,34.63,982800,0.190,-0.546
1999-03-22,34.44,34.88,33.85,33.85,1497700,0.780,-2.253
1999-03-23,33.85,34.28,32.94,32.97,2468100,0.875,-2.585
1999-03-24,33.07,33.38,32.50,32.91,1722400,0.065,-0.197
1999-03-25,32.97,32.97,32.53,32.88,962100,0.030,-0.091
1999-03-26,32.82,32.85,32.32,32.53,1491300,0.345,-1.049
1999-03-29,32.63,33.50,32.53,33.10,879500,0.565,1.737
1999-03-30,33.00,33.00,32.38,32.50,771100,0.595,-1.798
1999-03-31,32.75,32.75,31.50,32.13,1260000,0.375,-1.154
1999-04-01,32.00,32.47,31.85,32.22,1374500,0.095,0.296
1999-04-05,32.38,32.38,31.44,31.57,2078500,0.655,-2.033
1999-04-06,31.66,32.10,31.53,31.53,787500,0.035,-0.111
1999-04-07,31.94,31.97,30.75,31.28,878100,0.250,-0.793
1999-04-08,31.41,32.53,31.32,31.97,750600,0.690,2.206
1999-04-09,31.88,32.25,31.60,32.03,473300,0.060,0.188
1999-04-12,31.94,32.00,30.50,31.00,1674200,1.030,-3.216
1999-04-13,31.75,33.22,31.69,32.97,2152300,1.970,6.355
1999-04-14,33.10,34.00,33.10,33.69,1349800,0.720,2.184
1999-04-15,33.78,34.72,33.72,34.50,2516900,0.810,2.404
1999-04-16,34.63,34.94,34.10,34.75,1265500,0.250,0.725
1999-04-19,34.75,34.91,33.50,34.00,1458600,0.750,-2.158
1999-04-20,34.13,34.47,33.19,33.32,1133200,0.685,-2.015
1999-04-21,33.32,33.82,33.07,33.35,539600,0.030,0.090
1999-04-22,33.47,34.44,32.85,34.38,928000,1.030,3.089
1999-04-23,34.38,34.63,34.25,34.50,991500,0.125,0.364
1999-04-26,34.47,34.47,34.13,34.32,553900,0.185,-0.536
1999-04-27,34.60,35.16,34.38,35.00,2852200,0.685,1.996
1999-04-28,35.13,36.44,35.10,36.00,2289200,1.000,2.857
1999-04-29,36.13,37.03,35.78,37.00,1316600,1.000,2.778
1999-04-30,37.00,37.85,36.63,37.63,2712000,0.625,1.689
1999-05-03,37.60,38.19,37.13,37.85,1173100,0.220,0.585
1999-05-04,37.78,38.38,37.47,38.10,1024700,0.250,0.661
1999-05-05,38.03,38.50,37.10,38.47,1413400,0.375,0.984
1999-05-06,38.38,38.44,37.69,38.00,893900,0.470,-1.222
1999-05-07,38.19,38.22,37.85,38.13,1033500,0.125,0.329
1999-05-10,38.00,38.07,37.03,37.60,705500,0.530,-1.39
1999-05-11,37.47,37.82,36.82,37.57,1419700,0.030,-0.08
1999-05-12,36.82,37.57,36.50,37.25,1101600,0.315,-0.839
1999-05-13,37.22,38.07,37.10,37.28,807200,0.030,0.081
1999-05-14,37.16,37.16,36.25,36.38,1077000,0.905,-2.428
1999-05-17,36.19,37.13,35.97,36.75,611600,0.375,1.031
1999-05-18,36.38,36.78,36.19,36.28,565700,0.470,-1.279
1999-05-19,36.41,36.97,36.38,36.50,567700,0.220,0.606
1999-05-20,36.75,37.47,36.75,37.03,1441300,0.530,1.452
1999-05-21,37.00,37.25,36.60,36.66,1050400,0.375,-1.013
1999-05-24,36.53,37.16,36.07,36.07,741500,0.590,-1.61
1999-05-25,36.19,37.03,36.19,36.44,1553400,0.375,1.040
1999-05-26,36.63,36.69,35.50,36.50,1249400,0.060,0.165
1999-05-27,36.38,36.38,35.22,35.25,1115800,1.250,-3.425
1999-05-28,35.38,35.88,35.25,35.69,1063100,0.440,1.248
1999-06-01,36.00,36.25,35.78,36.25,1233000,0.560,1.569
1999-06-02,36.28,38.25,36.19,37.44,1787100,1.190,3.283
1999-06-03,37.41,38.44,37.41,38.22,870000,0.780,2.083
1999-06-04,38.16,39.47,38.10,39.47,998600,1.250,3.271
1999-06-07,39.13,39.19,38.75,38.97,1469700,0.500,-1.267
1999-06-08,39.00,39.19,38.53,38.66,476300,0.315,-0.808
1999-06-09,38.75,39.41,38.57,39.16,1118100,0.500,1.293
1999-06-10,39.03,39.72,38.00,39.28,1025000,0.125,0.319
1999-06-11,39.50,40.69,39.50,40.50,2036300,1.220,3.106
1999-06-14,40.75,41.47,40.63,41.10,1572300,0.595,1.469
1999-06-15,41.10,41.13,39.63,39.72,1471400,1.375,-3.346
1999-06-16,39.69,39.97,39.10,39.19,1608400,0.530,-1.334
1999-06-17,39.19,39.72,39.00,39.60,699100,0.405,1.033
1999-06-18,39.60,39.60,38.85,38.94,1054100,0.655,-1.654
1999-06-21,39.00,39.00,38.25,38.32,902100,0.625,-1.605
1999-06-22,37.94,38.91,37.94,38.50,802900,0.185,0.483
1999-06-23,38.25,38.78,38.13,38.66,760900,0.155,0.403
1999-06-24,38.75,38.75,37.97,38.63,1010700,0.030,-0.078
1999-06-25,38.63,38.85,38.28,38.50,964500,0.125,-0.324
1999-06-28,38.82,39.75,38.82,39.72,1312500,1.220,3.169
1999-06-29,39.72,40.60,39.10,40.60,1091100,0.875,2.203
1999-06-30,40.25,40.88,39.60,40.88,1498500,0.280,0.690
1999-07-01,40.25,40.69,40.00,40.57,1072800,0.310,-0.758
1999-07-02,40.97,40.97,40.00,40.63,927400,0.060,0.148
1999-07-06,40.88,42.10,40.57,41.94,1861600,1.315,3.237
1999-07-07,41.82,41.91,41.50,41.82,1602100,0.125,-0.298
1999-07-08,41.82,42.47,41.75,42.25,1342100,0.435,1.040
1999-07-09,42.38,43.25,42.38,43.19,1694600,0.940,2.225
1999-07-12,43.22,43.47,42.50,42.57,823800,0.625,-1.447
1999-07-13,42.38,42.50,41.50,42.00,1726400,0.565,-1.327
1999-07-14,42.00,42.25,41.19,41.28,1027400,0.720,-1.714
1999-07-15,41.32,41.41,40.82,40.97,2026900,0.310,-0.751
1999-07-16,41.00,42.32,40.97,42.00,2738200,1.030,2.514
1999-07-19,42.00,42.97,41.88,42.66,734900,0.655,1.560
1999-07-20,42.66,43.35,42.07,42.78,1130900,0.125,0.293
1999-07-21,42.78,42.91,42.32,42.63,1072500,0.155,-0.362
1999-07-22,42.75,42.75,41.78,41.94,995200,0.685,-1.607
1999-07-23,42.00,42.32,41.94,41.94,829700,,
1999-07-26,42.13,42.32,41.94,41.97,602800,0.030,0.072
1999-07-27,42.03,42.22,41.69,41.91,667400,0.065,-0.155
1999-07-28,41.78,42.10,41.60,42.00,549300,0.095,0.227
1999-07-29,41.88,42.25,41.69,42.03,750200,0.030,0.071
1999-07-30,42.16,42.60,42.07,42.60,714200,0.565,1.344
1999-08-02,42.60,42.82,41.94,42.03,935500,0.565,-1.326
1999-08-03,42.10,42.35,41.69,42.13,704000,0.095,0.226
1999-08-04,42.19,42.88,42.00,42.38,776100,0.250,0.593
1999-08-05,42.50,42.88,42.19,42.72,835000,0.345,0.814
1999-08-06,42.47,43.44,42.38,43.41,604800,0.685,1.603
1999-08-09,43.28,44.50,43.13,44.07,838900,0.660,1.521
1999-08-10,44.00,44.72,43.88,44.28,838700,0.215,0.488
1999-08-11,44.25,44.28,43.25,44.02,785800,0.265,-0.598
1999-08-12,43.69,43.82,43.00,43.00,583400,1.015,-2.306
1999-08-13,42.75,43.88,42.60,43.85,595400,0.845,1.965
1999-08-16,44.38,44.69,43.44,43.88,866100,0.035,0.080
1999-08-17,44.00,44.56,43.50,44.31,809500,0.430,0.980
1999-08-18,44.56,44.56,43.31,43.69,1003800,0.620,-1.399
1999-08-19,43.31,43.88,42.94,43.75,843400,0.060,0.137
1999-08-20,44.13,44.19,43.25,43.94,1148800,0.190,0.434
1999-08-23,43.94,44.50,43.88,44.25,1444000,0.310,0.706
1999-08-24,44.25,44.63,43.31,43.94,1336700,0.310,-0.701
1999-08-25,43.75,43.88,42.31,43.13,1881200,0.810,-1.843
1999-08-26,43.13,43.44,41.00,42.06,3174400,1.070,-2.481
1999-08-27,42.31,42.69,41.88,42.38,1361100,0.320,0.761
1999-08-30,41.81,42.81,41.00,41.25,1355800,1.130,-2.666
1999-08-31,41.19,42.44,41.00,41.88,1721500,0.630,1.527
1999-09-01,42.13,42.31,40.56,41.31,1405900,0.570,-1.361
1999-09-02,41.06,41.06,39.00,40.19,1389500,1.120,-2.711
1999-09-03,41.00,41.63,40.69,41.50,1540300,1.310,3.260
1999-09-07,41.56,42.38,41.00,41.38,1630100,0.120,-0.289
1999-09-08,41.13,41.25,40.13,40.44,1782600,0.940,-2.272
1999-09-09,40.56,42.88,40.31,42.25,1822700,1.810,4.476
1999-09-10,42.94,43.25,42.50,42.81,1308500,0.560,1.325
1999-09-13,42.56,42.56,41.69,41.94,785900,0.870,-2.032
1999-09-14,41.69,42.13,41.13,41.94,1005700,,
1999-09-15,42.50,42.56,41.25,41.63,1156400,0.310,-0.739
1999-09-16,41.88,41.94,40.38,41.69,980200,0.060,0.144
1999-09-17,41.00,42.25,41.00,42.25,1516800,0.560,1.343
1999-09-20,42.25,42.25,40.13,41.25,1442800,1.000,-2.367
1999-09-21,41.00,41.00,38.31,39.50,2157500,1.750,-4.242
1999-09-22,40.50,40.50,39.13,39.50,2120700,,
1999-09-23,39.50,39.50,38.13,39.00,2244500,0.500,-1.266
1999-09-24,39.06,39.94,38.13,39.81,2020100,0.810,2.077
1999-09-27,39.81,39.81,38.75,38.88,1213800,0.930,-2.336
1999-09-28,38.13,39.44,38.06,39.25,1767200,0.370,0.952
1999-09-29,39.38,40.94,39.31,39.50,862000,0.250,0.637
1999-09-30,40.25,41.38,39.75,41.06,1126300,1.560,3.949
1999-10-01,41.44,41.63,40.25,40.94,1154700,0.120,-0.292
1999-10-04,40.50,40.56,39.25,40.19,1478500,0.750,-1.832
1999-10-05,40.00,41.06,39.38,40.00,1680400,0.190,-0.473
1999-10-06,40.25,40.25,37.94,38.38,2363900,1.620,-4.05
1999-10-07,38.13,38.44,36.81,37.00,3054300,1.380,-3.596
1999-10-08,37.44,39.50,37.25,38.94,2342500,1.940,5.243
1999-10-11,38.75,40.00,38.13,38.88,2074300,0.060,-0.154
1999-10-12,39.00,40.25,38.50,38.81,2405600,0.070,-0.18
1999-10-13,38.81,40.38,38.25,40.06,2112400,1.250,3.221
1999-10-14,39.56,39.81,38.69,39.06,2071700,1.000,-2.496
1999-10-15,39.19,39.19,37.88,38.25,1944700,0.810,-2.074
1999-10-18,37.63,38.50,37.50,38.19,1609400,0.060,-0.157
1999-10-19,38.50,40.00,38.38,39.25,1620200,1.060,2.776
1999-10-20,39.50,39.50,38.56,39.25,1076900,,
1999-10-21,39.00,39.13,37.50,38.31,1213000,0.940,-2.395
1999-10-22,38.25,39.19,37.06,39.06,2413800,0.750,1.958
1999-10-25,39.06,39.06,36.69,37.25,2034100,1.810,-4.634
1999-10-26,37.50,38.25,36.81,37.69,1616100,0.440,1.181
1999-10-27,37.81,39.94,37.69,39.31,2010600,1.620,4.298
1999-10-28,40.00,40.63,39.94,40.31,1616000,1.000,2.544
1999-10-29,40.94,40.94,39.31,39.94,1599100,0.370,-0.918
1999-11-01,39.81,40.00,37.00,37.69,1991300,2.250,-5.633
1999-11-02,37.94,38.75,37.50,38.25,2405200,0.560,1.486
1999-11-03,39.00,40.00,38.50,40.00,1861700,1.750,4.575
1999-11-04,39.50,39.88,38.38,38.56,1339800,1.440,-3.6
1999-11-05,39.00,39.25,37.31,37.94,1221300,0.620,-1.608
1999-11-08,39.75,39.75,38.00,38.38,1736200,0.440,1.160
1999-11-09,38.81,39.56,38.50,39.25,1444600,0.870,2.267
1999-11-10,39.50,40.94,39.44,40.81,1916500,1.560,3.975
1999-11-11,41.00,42.19,40.94,41.88,2401200,1.070,2.622
1999-11-12,42.00,42.69,41.75,42.63,1517000,0.750,1.791
1999-11-15,42.50,43.06,41.88,42.31,1052600,0.320,-0.751
1999-11-16,42.63,43.00,40.75,41.06,2339100,1.250,-2.954
1999-11-17,41.94,41.94,40.25,40.44,2281200,0.620,-1.51
1999-11-18,40.50,40.75,40.00,40.25,2849800,0.190,-0.47
1999-11-19,39.50,39.69,39.00,39.00,2147200,1.250,-3.106
1999-11-22,39.00,39.13,35.56,37.00,3850100,2.000,-5.128
1999-11-23,37.00,37.00,34.88,35.50,4392400,1.500,-4.054
1999-11-24,36.06,38.94,36.00,38.69,5577200,3.190,8.986
1999-11-26,38.13,38.63,37.75,37.75,1211800,0.940,-2.43
1999-11-29,37.75,38.38,37.31,37.75,2645000,,
1999-11-30,37.88,38.25,37.50,38.06,3112500,0.310,0.821
1999-12-01,37.81,38.00,37.50,37.73,1401300,0.330,-0.867
1999-12-02,38.00,38.06,37.50,37.81,1584900,0.080,0.212
1999-12-03,37.94,38.31,37.69,37.88,2393900,0.070,0.185
1999-12-06,37.69,37.75,37.44,37.63,1645700,0.250,-0.66
1999-12-07,37.50,37.63,35.13,36.19,2349200,1.440,-3.827
1999-12-08,36.38,37.06,35.56,36.44,1499700,0.250,0.691
1999-12-09,37.00,39.25,36.94,38.94,2324900,2.500,6.861
1999-12-10,38.94,39.00,37.06,37.44,1643700,1.500,-3.852
1999-12-13,38.06,38.25,36.88,37.45,1406000,0.010,0.027
1999-12-14,38.00,38.25,36.19,36.63,2035500,0.820,-2.19
1999-12-15,36.88,38.00,36.25,37.38,2620900,0.750,2.048
1999-12-16,37.63,37.63,36.38,37.00,2331400,0.380,-1.017
1999-12-17,38.00,41.00,37.44,41.00,5103100,4.000,10.811
1999-12-20,41.00,41.63,40.00,40.75,2856800,0.250,-0.61
1999-12-21,40.00,40.75,39.94,40.50,2031800,0.250,-0.613
1999-12-22,40.75,40.94,39.94,40.25,1355200,0.250,-0.617
1999-12-23,40.44,40.94,39.69,40.06,1598000,0.190,-0.472
1999-12-27,40.94,43.38,40.69,42.69,2283000,2.630,6.565
1999-12-28,42.31,43.00,41.75,42.88,1488400,0.190,0.445
1999-12-29,42.88,44.25,42.25,43.31,1204400,0.430,1.003
1999-12-30,44.00,44.88,43.25,44.25,894300,0.940,2.170
1999-12-31,44.00,44.38,42.56,44.38,682100,0.130,0.294
2000-01-03,44.56,44.56,43.44,43.44,1770200,0.940,-2.118
2000-01-04,43.06,43.13,41.38,42.50,2253700,0.940,-2.164
2000-01-05,42.63,44.00,41.56,43.88,1793100,1.380,3.247
2000-01-06,44.00,49.63,43.75,47.94,4350500,4.060,9.253
2000-01-07,49.50,50.25,47.19,49.06,3567100,1.120,2.336
2000-01-10,49.31,49.31,46.88,47.31,1913600,1.750,-3.567
2000-01-11,47.75,48.50,46.94,47.31,2551600,,
2000-01-12,47.25,52.50,47.13,51.50,4450600,4.190,8.856
2000-01-13,51.44,54.38,51.00,53.38,2960100,1.880,3.650
2000-01-14,54.81,57.19,53.44,56.38,3247700,3.000,5.620
2000-01-18,56.50,56.56,54.25,55.50,3736400,0.880,-1.561
2000-01-19,55.69,55.75,52.63,53.50,2828200,2.000,-3.604
2000-01-20,54.50,67.50,54.38,67.38,10950300,13.88,25.944
2000-01-21,70.50,73.06,70.00,71.63,13482000,4.250,6.308
2000-01-24,71.63,71.69,63.81,65.00,7484400,6.630,-9.256
2000-01-25,64.00,65.31,59.00,61.25,4439000,3.750,-5.769
2000-01-26,61.00,63.88,61.00,61.13,5194300,0.120,-0.196
2000-01-27,62.50,62.63,60.00,61.00,2621200,0.130,-0.213
2000-01-28,61.50,62.75,59.75,60.19,2828400,0.810,-1.328
2000-01-31,60.19,67.88,59.44,67.88,4275400,7.690,12.776
2000-02-01,67.31,67.50,64.00,64.50,3445900,3.380,-4.979
2000-02-02,65.50,66.81,62.69,62.88,2849800,1.620,-2.512
2000-02-03,62.88,64.50,61.19,63.69,3014200,0.810,1.288
2000-02-04,61.75,66.44,61.56,61.75,2680500,1.940,-3.046
2000-02-07,62.50,64.31,61.75,62.50,1686300,0.750,1.215
2000-02-08,64.00,67.19,63.75,66.13,2439700,3.630,5.808
2000-02-09,66.38,68.25,66.31,66.44,2603700,0.310,0.469
2000-02-10,67.50,69.69,67.13,67.63,2266000,1.190,1.791
2000-02-11,68.00,68.19,64.56,65.88,1277000,1.750,-2.588
2000-02-14,66.88,68.44,66.19,67.81,1690100,1.930,2.930
2000-02-15,69.44,69.44,67.38,68.94,2033100,1.130,1.666
2000-02-16,69.00,70.75,68.94,69.88,2694400,0.940,1.363
2000-02-17,71.00,72.00,70.00,70.31,2303200,0.430,0.615
2000-02-18,70.31,70.50,68.56,69.19,3079400,1.120,-1.593
2000-02-22,69.25,70.88,66.00,66.00,2806900,3.190,-4.61
2000-02-23,66.06,66.19,64.50,65.44,2969100,0.560,-0.848
2000-02-24,65.94,67.94,63.69,65.56,2576600,0.120,0.183
2000-02-25,65.81,67.69,62.00,65.63,2054900,0.070,0.107
2000-02-28,64.75,65.94,62.25,64.81,2051500,0.820,-1.249
2000-02-29,65.13,69.50,64.81,68.75,2158600,3.940,6.079
2000-03-01,69.00,69.50,67.06,69.00,1895800,0.250,0.364
2000-03-02,69.00,69.38,67.81,68.38,2018900,0.620,-0.899
2000-03-03,68.38,68.94,67.00,68.50,1483600,0.120,0.175
2000-03-06,69.88,70.69,67.63,68.75,2193600,0.250,0.365
2000-03-07,70.00,72.44,68.94,71.31,3494800,2.560,3.724
2000-03-08,68.88,69.63,66.00,67.19,3023300,4.120,-5.778
2000-03-09,67.44,67.81,63.25,65.94,2391600,1.250,-1.86
2000-03-10,68.00,69.94,67.00,68.13,3055300,2.190,3.321
2000-03-13,66.13,66.88,63.88,66.00,2231300,2.130,-3.126
2000-03-14,65.88,66.00,64.19,65.19,2073000,0.810,-1.227
2000-03-15,66.00,69.00,65.88,68.44,3000100,3.250,4.985
2000-03-16,68.00,69.69,67.19,69.44,2401400,1.000,1.461
2000-03-17,69.69,70.50,67.75,69.25,2560000,0.190,-0.274
2000-03-20,69.50,71.44,68.31,68.56,1863600,0.690,-0.996
2000-03-21,69.13,72.00,68.00,71.75,2502600,3.190,4.653
2000-03-22,71.75,76.50,71.50,75.06,5024300,3.310,4.613
2000-03-23,73.25,75.31,72.69,73.00,2638400,2.060,-2.744
2000-03-27,74.38,76.81,73.50,75.31,3344300,2.310,3.164
2000-03-28,76.00,76.44,72.81,72.81,2287700,2.500,-3.32
2000-03-29,73.50,77.81,73.50,76.50,2494500,3.690,5.068
2000-03-30,76.75,78.06,71.75,72.06,3091700,4.440,-5.804
2000-03-31,74.00,75.75,72.00,74.88,2931200,2.820,3.913
2000-04-03,75.25,76.88,73.56,73.56,2154400,1.320,-1.763
2000-04-04,73.56,74.44,62.50,65.44,7280000,8.120,-11.039
2000-04-05,65.25,68.38,64.81,66.56,3806100,1.120,1.711
2000-04-06,68.50,68.56,65.00,67.94,2909100,1.380,2.073
2000-04-07,69.50,70.94,69.25,69.94,2161600,2.000,2.944
2000-04-10,71.00,71.25,69.25,70.25,1865300,0.310,0.443
2000-04-11,70.50,70.50,67.25,69.13,2366500,1.120,-1.594
2000-04-12,71.25,74.25,70.50,71.13,4339200,2.000,2.893
2000-04-13,72.69,74.00,70.88,73.81,3967700,2.680,3.768
2000-04-14,72.00,72.06,66.00,69.75,3335900,4.060,-5.501
2000-04-17,67.50,68.25,63.00,66.75,3990400,3.000,-4.301
2000-04-18,65.50,68.75,65.06,68.00,2656100,1.250,1.873
2000-04-19,67.00,71.50,67.00,70.50,3342000,2.500,3.676
2000-04-20,70.75,72.13,70.38,71.00,2563800,0.500,0.709
2000-04-24,71.00,71.00,69.13,70.50,1376700,0.500,-0.704
2000-04-25,72.00,74.13,71.19,73.75,2703700,3.250,4.610
2000-04-26,72.50,74.69,72.06,72.94,1977100,0.810,-1.098
2000-04-27,71.25,72.63,70.75,71.94,1777500,1.000,-1.371
2000-04-28,73.00,73.00,69.50,69.69,1621300,2.250,-3.128
2000-05-01,71.00,74.50,70.44,72.31,2316800,2.620,3.759
2000-05-02,73.94,76.94,73.56,76.00,3594300,3.690,5.103
2000-05-03,77.00,77.00,72.94,74.63,2349100,1.370,-1.803
2000-05-04,74.50,75.25,73.38,74.38,1828900,0.250,-0.335
2000-05-05,74.69,74.69,72.56,74.25,1185900,0.130,-0.175
2000-05-08,73.13,76.25,73.06,75.13,1613300,0.880,1.185
2000-05-09,75.00,75.38,71.88,72.56,1776500,2.570,-3.421
2000-05-10,73.38,75.81,72.63,74.75,3335600,2.190,3.018
2000-05-11,76.00,78.94,75.88,77.00,4276500,2.250,3.010
2000-05-12,77.00,78.44,74.00,75.56,3047900,1.440,-1.87
2000-05-15,77.25,78.50,76.00,76.94,3145200,1.380,1.826
2000-05-16,78.00,78.75,76.50,77.88,2962200,0.940,1.222
2000-05-17,75.50,78.88,75.50,77.50,2507400,0.380,-0.488
2000-05-18,77.50,78.69,76.19,77.13,2070300,0.370,-0.477
2000-05-19,77.13,77.25,75.06,76.63,1802600,0.500,-0.648
2000-05-22,77.13,77.31,72.56,73.25,2356300,3.380,-4.411
2000-05-23,73.69,74.19,69.50,69.88,2188700,3.370,-4.601
2000-05-24,69.88,69.88,66.13,67.44,4552600,2.440,-3.492
2000-05-25,68.44,70.50,68.00,69.00,2462300,1.560,2.313
2000-05-26,69.13,71.06,69.13,69.94,1411700,0.940,1.362
2000-05-30,70.63,71.06,69.25,69.88,1294300,0.060,-0.086
2000-05-31,70.56,71.75,70.25,71.63,713200,1.750,2.504
2000-06-01,72.88,73.75,69.75,71.13,1672700,0.500,-0.698
2000-06-02,73.00,73.31,69.25,69.50,2286700,1.630,-2.292
2000-06-05,69.50,71.00,65.94,66.00,2923000,3.500,-5.036
2000-06-06,68.50,71.81,68.06,70.19,3862900,4.190,6.348
2000-06-07,70.88,72.00,69.50,71.38,1801300,1.190,1.695
2000-06-08,72.00,73.13,71.50,73.06,1679600,1.680,2.354
2000-06-09,73.50,74.19,70.50,71.50,1348100,1.560,-2.135
2000-06-12,71.25,73.56,71.25,73.25,1156200,1.750,2.448
2000-06-13,73.56,74.94,73.31,74.00,1803800,0.750,1.024
2000-06-14,74.00,74.00,70.19,72.00,2389200,2.000,-2.703
2000-06-15,71.50,72.19,70.06,71.25,2283600,0.750,-1.042
2000-06-16,70.63,71.94,70.06,71.63,2363300,0.380,0.533
2000-06-19,71.63,72.13,69.44,71.06,2214500,0.570,-0.796
2000-06-20,71.44,73.00,69.50,72.69,2798200,1.630,2.294
2000-06-21,72.81,74.69,71.19,74.19,2436400,1.500,2.064
2000-06-22,74.63,74.94,72.31,73.44,1689300,0.750,-1.011
2000-06-23,73.44,74.38,72.56,73.19,1015300,0.250,-0.34
2000-06-26,72.50,72.69,68.94,69.63,3116600,3.560,-4.864
2000-06-27,69.38,70.00,67.63,68.75,3891200,0.880,-1.264
2000-06-28,70.75,70.75,68.50,68.81,1980600,0.060,0.087
2000-06-29,68.88,70.31,68.50,68.50,2307800,0.310,-0.451
2000-06-30,68.50,69.63,64.48,64.50,4082700,4.000,-5.839
2000-07-03,66.00,68.81,66.00,68.00,1884000,3.500,5.426
2000-07-05,70.00,70.13,65.56,66.44,2652800,1.560,-2.294
2000-07-06,66.69,68.63,66.63,67.06,1766100,0.620,0.933
2000-07-07,68.19,69.00,67.25,67.63,1654100,0.570,0.850
2000-07-10,68.63,69.44,67.81,68.88,1587500,1.250,1.848
2000-07-11,69.13,71.63,68.88,70.75,2410200,1.870,2.715
2000-07-12,73.25,73.31,71.13,71.31,2023900,0.560,0.792
2000-07-13,72.00,73.00,71.00,71.50,1640800,0.190,0.266
2000-07-14,72.38,73.19,70.69,71.88,1599300,0.380,0.531
2000-07-17,71.75,72.63,71.44,72.41,1494500,0.530,0.737
2000-07-18,72.44,73.44,71.63,72.50,1550300,0.090,0.124
2000-07-19,72.88,73.81,72.06,72.56,1967400,0.060,0.083
2000-07-20,72.50,73.38,71.25,71.25,1675000,1.310,-1.805
2000-07-21,71.69,73.00,71.50,73.00,1856000,1.750,2.456
2000-07-24,74.00,74.94,72.63,73.00,2867200,,
2000-07-25,73.00,73.63,71.06,71.69,2250600,1.310,-1.795
2000-07-26,71.69,72.63,70.94,72.34,3060900,0.650,0.907
2000-07-27,73.94,77.06,73.25,77.00,4380900,4.660,6.442
2000-07-28,77.25,77.50,74.31,75.19,2838000,1.810,-2.351
2000-07-31,75.50,75.88,72.75,73.75,2555600,1.440,-1.915
2000-08-01,73.63,76.00,73.56,76.00,2220000,2.250,3.051
2000-08-02,75.94,78.25,75.06,77.63,2738800,1.630,2.145
2000-08-03,76.88,78.25,75.13,78.02,2806600,0.390,0.502
2000-08-04,78.38,79.13,77.06,78.00,1986600,0.020,-0.026
2000-08-07,79.00,81.06,78.69,80.27,4236600,2.270,2.910
2000-08-08,80.50,83.38,80.00,82.44,3085500,2.170,2.703
2000-08-09,83.00,83.44,81.00,82.30,1945100,0.140,-0.17
2000-08-10,82.38,82.50,79.50,80.77,1682400,1.530,-1.859
2000-08-11,80.00,81.00,79.13,80.25,1666400,0.520,-0.644
2000-08-14,80.50,84.31,79.25,84.25,2595100,4.000,4.984
2000-08-15,83.75,83.94,82.13,82.13,2049600,2.120,-2.516
2000-08-16,82.38,84.25,82.38,83.88,865800,1.750,2.131
2000-08-17,84.81,90.00,84.38,90.00,2953500,6.120,7.296
2000-08-18,86.88,88.00,86.00,86.94,2057300,3.060,-3.4
2000-08-21,88.50,88.63,87.13,87.88,1502600,0.940,1.081
2000-08-22,88.25,88.69,86.81,87.50,1556900,0.380,-0.432
2000-08-23,87.50,90.75,87.31,90.00,2663100,2.500,2.857
2000-08-24,89.75,89.94,85.00,86.00,2941000,4.000,-4.444
2000-08-25,85.50,86.50,83.88,84.88,1978500,1.120,-1.302
2000-08-28,86.25,87.00,84.81,86.63,1885000,1.750,2.062
2000-08-29,87.00,87.94,86.06,86.25,1379700,0.380,-0.439
2000-08-30,86.13,86.25,84.75,84.88,1484100,1.370,-1.588
2000-08-31,85.88,85.94,84.81,84.88,2256900,,
2000-09-01,86.88,87.44,85.13,85.33,1754700,0.450,0.530
2000-09-05,86.75,86.94,85.00,85.00,1717500,0.330,-0.387
2000-09-06,86.13,86.44,83.50,84.38,4158600,0.620,-0.729
2000-09-07,84.56,85.38,82.81,83.88,2623500,0.500,-0.593
2000-09-08,83.50,84.94,82.69,84.21,1432400,0.330,0.393
2000-09-11,84.44,86.31,83.94,86.02,2640800,1.810,2.149
2000-09-12,85.06,86.25,84.56,86.13,4214000,0.110,0.128
2000-09-13,86.38,86.94,85.13,86.69,1616100,0.560,0.650
2000-09-14,86.94,87.25,85.50,86.70,2687200,0.010,0.012
2000-09-15,87.38,89.50,86.94,89.44,4091800,2.740,3.160
2000-09-18,89.25,90.38,88.50,89.63,2690900,0.190,0.212
2000-09-19,89.94,89.94,84.38,84.88,3207200,4.750,-5.3
2000-09-20,85.50,86.31,80.56,82.18,4447500,2.700,-3.181
2000-09-21,80.63,81.25,77.00,80.75,3127000,1.430,-1.74
2000-09-22,79.50,83.06,79.25,83.00,2817400,2.250,2.786
2000-09-25,84.00,85.00,82.81,84.44,2594400,1.440,1.735
2000-09-26,84.25,86.06,84.19,85.50,3081400,1.060,1.255
2000-09-27,86.19,87.75,85.13,87.46,1899400,1.960,2.292
2000-09-28,88.44,89.25,87.38,89.25,2010800,1.790,2.047
2000-09-29,89.38,89.94,86.00,87.64,2358100,1.610,-1.804
2000-10-02,88.00,88.69,85.00,86.44,2244200,1.200,-1.369
2000-10-03,86.75,86.88,85.31,85.56,2240000,0.880,-1.018
2000-10-04,85.00,85.63,82.50,83.06,2777100,2.500,-2.922
2000-10-05,83.75,84.06,82.38,83.00,2253700,0.060,-0.072
2000-10-06,83.94,84.00,81.31,81.63,1993400,1.370,-1.651
2000-10-09,81.81,83.06,81.00,83.00,1609400,1.370,1.678
2000-10-10,82.75,83.75,81.31,81.69,2019000,1.310,-1.578
2000-10-11,82.19,84.25,81.50,82.81,1634800,1.120,1.371
2000-10-12,82.81,83.06,79.50,79.88,2288700,2.930,-3.538
2000-10-13,80.00,81.25,79.13,79.50,2045700,0.380,-0.476
2000-10-16,79.75,81.38,79.31,80.00,1632500,0.500,0.629
2000-10-17,82.00,82.50,78.88,79.19,2340400,0.810,-1.012
2000-10-18,80.00,80.50,77.63,78.75,2547400,0.440,-0.556
2000-10-19,79.56,80.38,79.00,79.00,1932600,0.250,0.317
2000-10-20,80.00,81.88,79.50,80.50,1803100,1.500,1.899
2000-10-23,80.75,83.63,80.50,82.00,2255700,1.500,1.863
2000-10-24,82.88,82.88,79.63,80.19,1467800,1.810,-2.207
2000-10-25,80.44,80.88,75.50,76.13,2147900,4.060,-5.063
2000-10-26,78.13,78.31,75.56,77.50,2188300,1.370,1.800
2000-10-27,77.25,78.88,77.25,78.88,1583200,1.380,1.781
2000-10-30,79.25,81.50,79.25,80.69,1831100,1.810,2.295
2000-10-31,80.00,82.44,78.75,82.06,2145900,1.370,1.698
2000-11-01,82.06,83.63,82.06,83.25,2513600,1.190,1.450
2000-11-02,83.81,83.81,81.50,81.75,2687600,1.500,-1.802
2000-11-03,81.50,81.50,76.75,77.38,3309200,4.370,-5.346
2000-11-06,77.94,82.25,77.75,81.56,3126200,4.180,5.402
2000-11-07,82.75,83.19,80.50,81.81,1959200,0.250,0.307
2000-11-08,83.06,83.06,82.06,82.13,1791200,0.320,0.391
2000-11-09,82.81,83.19,82.25,82.94,2076700,0.810,0.986
2000-11-10,83.00,83.13,82.44,82.94,2235800,,
2000-11-13,82.00,82.31,78.13,79.44,2239800,3.500,-4.22
2000-11-14,80.00,80.38,79.31,79.56,2335600,0.120,0.151
2000-11-15,79.56,80.56,79.31,80.38,1899900,0.820,1.031
2000-11-16,81.50,82.31,80.69,81.25,1310400,0.870,1.082
2000-11-17,82.06,82.06,79.88,81.50,1972800,0.250,0.308
2000-11-20,81.75,81.94,80.00,80.25,1869300,1.250,-1.534
2000-11-21,80.50,81.44,79.25,80.38,1535400,0.130,0.162
2000-11-22,80.19,80.38,75.56,75.56,3976500,4.820,-5.997
2000-11-24,77.50,79.25,77.25,77.75,1128200,2.190,2.898
2000-11-27,79.56,79.56,78.38,78.88,1503100,1.130,1.453
2000-11-28,78.69,79.69,78.44,78.44,1405100,0.440,-0.558
2000-11-29,78.69,79.00,70.25,70.25,6429200,8.190,-10.441
2000-11-30,71.00,71.63,63.50,64.75,10850900,5.500,-7.829
2000-12-01,66.25,68.56,64.44,65.50,5624500,0.750,1.158
2000-12-04,66.50,68.75,65.25,65.94,2309700,0.440,0.672
2000-12-05,66.94,69.13,66.69,68.25,3609600,2.310,3.503
2000-12-06,68.25,72.88,67.88,71.94,3736500,3.690,5.407
2000-12-07,73.00,73.94,72.00,72.88,2827700,0.940,1.307
2000-12-08,73.50,73.56,69.75,73.06,3764500,0.180,0.247
2000-12-11,74.00,77.38,73.38,76.50,2813400,3.440,4.708
2000-12-12,76.06,77.75,75.19,77.19,1892100,0.690,0.902
2000-12-13,79.00,79.75,73.94,74.50,2986600,2.690,-3.485
2000-12-14,74.50,76.88,73.44,76.50,3667200,2.000,2.685
2000-12-15,76.63,79.25,75.75,77.56,5248300,1.060,1.386
2000-12-18,77.56,79.75,77.00,79.56,2105700,2.000,2.579
2000-12-19,79.31,80.81,79.25,79.75,2657100,0.190,0.239
2000-12-20,79.00,80.00,78.06,79.75,3092300,,
2000-12-21,78.75,79.81,78.13,79.31,2731300,0.440,-0.552
2000-12-22,78.75,81.44,78.69,81.19,1953300,1.880,2.370
2000-12-27,84.00,84.75,80.13,82.81,3179600,1.620,1.995
2000-12-28,82.38,84.88,82.19,84.63,2067900,1.820,2.198
2000-12-29,84.81,84.88,82.13,83.13,1813900,1.500,-1.772
2001-01-02,84.00,84.06,79.06,79.88,3229800,3.250,-3.91
2001-01-03,79.88,80.25,75.00,75.06,4236100,4.820,-6.034
2001-01-04,73.38,73.81,70.19,72.00,9174200,3.060,-4.077
2001-01-05,72.75,73.50,71.00,71.38,5072700,0.620,-0.861
2001-01-08,71.38,72.50,70.38,71.25,2457800,0.130,-0.182
2001-01-09,72.00,72.38,68.00,68.63,3864500,2.620,-3.677
2001-01-10,68.50,71.19,68.06,68.94,3530300,0.310,0.452
2001-01-11,69.00,71.00,68.69,69.44,2612700,0.500,0.725
2001-01-12,70.00,71.19,68.81,70.44,2455900,1.000,1.440
2001-01-16,70.38,70.50,67.56,68.44,4281000,2.000,-2.839
2001-01-17,68.25,71.63,66.06,71.13,5334700,2.690,3.930
2001-01-18,71.13,72.50,70.38,72.06,3440400,0.930,1.307
2001-01-19,70.13,72.75,70.06,70.88,3090500,1.180,-1.638
2001-01-22,73.25,75.63,73.00,75.06,5003700,4.180,5.897
2001-01-23,77.00,78.88,76.50,78.56,4950300,3.500,4.663
2001-01-24,81.00,83.00,79.13,79.75,7743300,1.190,1.515
2001-01-25,79.81,82.38,79.31,82.00,323600,2.250,2.821
2001-01-26,82.00,82.56,81.13,82.00,5742400,,
2001-01-29,81.10,81.32,80.10,80.77,3047600,1.230,-1.5
2001-01-30,79.77,80.49,78.50,78.50,7948200,2.270,-2.81
2001-01-31,79.75,80.60,78.75,80.00,8744600,1.500,1.911
2001-02-01,79.45,79.75,77.50,78.79,4266500,1.210,-1.512
2001-02-02,78.48,80.39,78.30,79.98,3271700,1.190,1.510
2001-02-05,79.98,82.10,79.80,81.81,3440400,1.830,2.288
2001-02-06,81.00,81.65,80.02,80.15,3430000,1.660,-2.029
2001-02-07,80.00,81.18,79.60,80.35,2345700,0.200,0.250
2001-02-08,80.85,81.50,79.60,80.00,3390500,0.350,-0.436
2001-02-09,80.80,81.45,79.90,80.20,1864300,0.200,0.250
2001-02-12,79.80,80.70,79.26,79.80,1936400,0.400,-0.499
2001-02-13,79.25,81.78,79.02,81.15,2524300,1.350,1.692
2001-02-14,81.20,81.49,79.91,80.00,2006600,1.150,-1.417
2001-02-15,78.65,79.41,75.40,77.90,4462900,2.100,-2.625
2001-02-16,77.66,78.25,75.02,76.65,3289800,1.250,-1.605
2001-02-19,76.65,76.65,76.65,76.65,0,,
2001-02-20,76.70,77.07,75.02,75.09,2300300,1.560,-2.035
2001-02-21,75.09,75.65,73.00,73.09,3012600,2.000,-2.663
2001-02-22,73.25,73.89,71.31,72.15,3220800,0.940,-1.286
2001-02-23,71.50,72.08,69.50,71.00,3083500,1.150,-1.594
2001-02-26,71.00,71.98,69.35,70.56,3040300,0.440,-0.62
2001-02-27,71.00,71.20,69.40,70.04,2914500,0.520,-0.737
2001-02-28,70.00,70.00,68.17,68.50,4050400,1.540,-2.199
2001-03-01,67.40,69.30,67.40,68.68,4127200,0.180,0.263
2001-03-02,68.45,70.57,68.24,70.19,2245300,1.510,2.199
2001-03-05,70.90,71.26,69.80,70.11,2643100,0.080,-0.114
2001-03-06,70.80,70.96,68.30,68.87,3442200,1.240,-1.769
2001-03-07,69.20,70.59,68.85,70.00,3723800,1.130,1.641
2001-03-08,70.00,71.36,70.00,70.59,2927900,0.590,0.843
2001-03-09,70.59,71.75,68.70,68.84,2610700,1.750,-2.479
2001-03-12,67.00,68.63,61.00,61.27,6018100,7.570,-10.997
2001-03-13,62.25,62.90,60.53,62.05,5864000,0.780,1.273
2001-03-14,62.05,63.72,59.99,62.75,6110300,0.700,1.128
2001-03-15,63.95,67.54,63.70,66.53,8062900,3.780,6.024
2001-03-16,66.54,66.54,62.00,62.24,4301700,4.290,-6.448
2001-03-19,62.48,62.80,61.15,61.80,3426400,0.440,-0.707
2001-03-20,62.50,62.50,60.94,60.95,4211000,0.850,-1.375
2001-03-21,60.00,60.27,55.00,55.89,9765600,5.060,-8.302
2001-03-22,55.40,55.50,51.51,55.02,10145300,0.870,-1.557
2001-03-23,56.80,61.50,56.10,59.40,7704800,4.380,7.961
2001-03-26,61.00,62.05,60.31,61.48,4112900,2.080,3.502
2001-03-27,60.90,61.38,59.00,60.46,3716000,1.020,-1.659
2001-03-28,59.78,59.80,57.03,58.10,3486500,2.360,-3.903
2001-03-29,57.40,58.24,54.30,55.31,5689000,2.790,-4.802
2001-03-30,55.31,59.00,55.31,58.10,3682700,2.790,5.044
2001-04-02,57.90,59.19,55.70,56.57,3000200,1.530,-2.633
2001-04-03,57.20,57.25,53.70,54.06,3189500,2.510,-4.437
2001-04-04,54.00,55.30,53.30,53.72,2883000,0.340,-0.629
2001-04-05,55.50,56.08,53.60,55.70,3894700,1.980,3.686
2001-04-06,55.50,57.00,53.20,53.50,4910900,2.200,-3.95
2001-04-09,54.55,56.50,53.60,55.96,2478700,2.460,4.598
2001-04-10,57.20,59.70,56.34,58.82,3675000,2.860,5.111
2001-04-11,59.95,59.96,58.51,58.51,3265100,0.310,-0.527
2001-04-12,58.35,58.35,57.01,57.30,2094900,1.210,-2.068
2001-04-16,57.50,59.44,56.68,59.44,3631000,2.140,3.735
2001-04-17,60.00,61.37,59.90,60.00,4715300,0.560,0.942
2001-04-18,61.40,62.90,60.15,61.62,6189000,1.620,2.700
2001-04-19,61.71,61.75,60.10,61.16,3697800,0.460,-0.747
2001-04-19,61.71,61.75,60.10,61.16,3697800,0.460,-0.747
2001-04-20,61.95,61.95,59.68,59.99,3109400,1.170,-1.913
2001-04-23,60.77,61.70,60.32,61.65,3042500,1.660,2.767
2001-04-24,61.95,62.95,61.60,61.87,2778900,0.220,0.357
2001-04-25,61.62,62.99,61.18,62.88,2614900,1.010,1.632
2001-04-26,63.01,63.99,63.01,63.66,3774200,0.780,1.240
2001-04-27,62.80,63.61,62.18,63.50,2061300,0.160,-0.251
2001-04-30,63.20,64.75,62.26,62.72,2263000,0.780,-1.228
2001-05-01,63.60,63.60,61.80,62.41,1746400,0.310,-0.494
2001-05-02,63.40,63.40,59.50,60.50,4178000,1.910,-3.06
2001-05-03,59.60,60.20,57.05,58.35,3971400,2.150,-3.554
2001-05-04,59.00,59.70,58.46,59.48,2741500,1.130,1.937
2001-05-07,59.40,59.76,57.49,58.04,3433300,1.440,-2.421
2001-05-08,57.80,57.82,55.80,56.11,4879400,1.930,-3.325
2001-05-09,56.11,59.52,48.43,59.20,3930700,3.090,5.507
2001-05-10,58.95,58.96,57.15,57.60,2436500,1.600,-2.703
2001-05-11,56.90,58.50,56.90,58.20,2077500,0.600,1.042
2001-05-14,58.05,59.60,57.99,58.75,2100700,0.550,0.945
2001-05-15,58.55,59.20,56.90,56.99,2901000,1.760,-2.996
2001-05-16,58.00,58.10,54.99,55.01,7271200,1.980,-3.474
2001-05-17,55.04,56.30,52.00,52.20,12381900,2.810,-5.108
2001-05-18,53.50,55.09,52.60,54.90,10047700,2.700,5.172
2001-05-21,55.32,55.32,54.07,54.99,5488000,0.090,0.164
2001-05-22,55.60,55.65,54.70,54.95,3879600,0.040,-0.073
2001-05-23,55.40,56.19,55.07,55.35,4817900,0.400,0.728
2001-05-24,56.00,56.01,53.50,54.16,4352200,1.190,-2.15
2001-05-25,54.10,54.11,52.70,53.00,3468800,1.160,-2.142
2001-05-29,53.81,54.00,52.60,53.05,3667600,0.050,0.094
2001-05-30,52.99,53.38,52.52,53.23,3578200,0.180,0.339
2001-05-31,53.03,53.59,52.66,52.91,2822300,0.320,-0.601
2001-06-01,52.52,53.25,52.35,53.04,2577000,0.130,0.246
2001-06-04,53.00,54.95,52.74,54.54,3696600,1.500,2.828
2001-06-05,54.54,54.54,52.87,53.75,4117200,0.790,-1.448
2001-06-06,53.02,53.58,51.97,52.33,3843500,1.420,-2.642
2001-06-07,52.05,52.06,48.80,50.52,8978400,1.810,-3.459
2001-06-08,50.52,51.31,49.52,51.13,4776700,0.610,1.207
2001-06-11,51.14,51.65,50.09,51.00,4363900,0.130,-0.254
2001-06-12,51.37,51.37,50.09,50.37,3262000,0.630,-1.235
2001-06-13,50.74,51.35,49.77,49.92,2893300,0.450,-0.893
2001-06-14,49.60,49.60,47.35,47.91,3576800,2.010,-4.026
2001-06-15,47.10,48.65,46.87,47.26,4231600,0.650,-1.357
2001-06-18,47.26,48.00,44.19,44.70,7497300,2.560,-5.417
2001-06-19,45.85,46.50,42.35,46.18,8026300,1.480,3.311
2001-06-20,46.19,46.50,45.01,45.80,6370800,0.380,-0.823
2001-06-21,45.80,46.25,43.60,44.05,7349500,1.750,-3.821
2001-06-22,44.30,45.25,43.76,44.88,5618600,0.830,1.884
2001-06-25,45.05,45.16,44.04,44.07,3686400,0.810,-1.805
2001-06-26,43.60,44.70,43.25,44.19,3719400,0.120,0.272
2001-06-27,44.99,47.60,44.31,46.72,6644600,2.530,5.725
2001-06-28,46.58,49.10,46.25,48.34,5116500,1.620,3.467
2001-06-29,49.10,49.84,47.80,49.10,4760400,0.760,1.572
2001-07-02,49.50,49.70,47.50,48.30,3678400,0.800,-1.629
2001-07-03,48.84,49.10,48.41,48.69,1475400,0.390,0.807
2001-07-04,48.69,48.69,48.69,48.69,0,,
2001-07-05,49.23,50.50,48.98,49.94,3528800,1.250,2.567
2001-07-06,51.10,51.50,48.59,49.06,3654300,0.880,-1.762
2001-07-09,49.48,49.98,49.06,49.06,3441500,,
2001-07-10,49.17,49.87,49.00,49.22,3211400,0.160,0.326
2001-07-11,49.22,49.80,48.23,49.10,2784500,0.120,-0.244
2001-07-12,50.40,50.80,48.55,49.55,4276200,0.450,0.916
2001-07-13,49.05,49.83,47.71,48.78,3726100,0.770,-1.554
2001-07-16,49.50,50.10,48.94,49.12,2284100,0.340,0.697
2001-07-17,49.50,49.90,49.16,49.85,2382300,0.730,1.486
2001-07-18,49.85,49.85,47.60,48.97,3535200,0.880,-1.765
2001-07-19,48.97,49.55,48.79,49.08,2560500,0.110,0.225
2001-07-20,49.15,49.25,47.98,48.16,3876000,0.920,-1.874
2001-07-23,48.16,48.18,46.28,46.66,5144900,1.500,-3.115
2001-07-24,46.67,46.67,42.00,43.24,8066300,3.420,-7.33
2001-07-25,44.25,45.15,42.25,44.96,6863200,1.720,3.978
2001-07-26,45.50,47.40,44.25,46.84,3854600,1.880,4.181
2001-07-27,45.98,46.55,45.00,46.10,3138400,0.740,-1.58
2001-07-30,47.00,47.04,45.40,45.73,2962000,0.370,-0.803
2001-07-31,46.25,46.86,45.28,45.35,2146800,0.380,-0.831
2001-08-01,45.85,46.60,45.41,45.61,1982700,0.260,0.573
2001-08-02,45.61,46.10,45.05,45.58,1829200,0.030,-0.066
2001-08-03,46.10,46.10,44.86,45.36,2002000,0.220,-0.483
2001-08-06,45.47,45.47,44.15,44.50,2369500,0.860,-1.896
2001-08-07,44.25,44.68,43.40,43.60,2559100,0.900,-2.022
2001-08-08,43.20,43.50,42.55,42.85,3664500,0.750,-1.72
2001-08-09,42.50,43.00,42.00,42.78,2301500,0.070,-0.163
2001-08-10,42.75,43.55,42.31,42.81,1400700,0.030,0.070
2001-08-13,42.80,43.03,42.15,42.15,1468800,0.660,-1.542
2001-08-14,42.25,43.20,42.02,42.93,2021700,0.780,1.851
2001-08-15,38.50,40.25,36.87,40.25,29749900,2.680,-6.243
2001-08-16,39.50,39.60,36.70,36.85,13428900,3.400,-8.447
2001-08-17,36.53,37.60,36.30,36.67,9422400,0.180,-0.488
2001-08-20,36.80,37.25,36.00,36.25,4895100,0.420,-1.145
2001-08-21,36.75,37.20,36.45,36.88,6494800,0.630,1.738
2001-08-22,37.30,37.60,36.30,37.26,6472300,0.380,1.030
2001-08-23,37.31,37.44,36.95,36.96,3357300,0.300,-0.805
2001-08-24,36.80,37.00,36.15,36.35,3933500,0.610,-1.65
2001-08-27,36.90,37.90,36.35,37.76,4961800,1.410,3.879
2001-08-28,38.20,38.62,38.00,38.16,5427500,0.400,1.059
2001-08-29,38.16,38.34,37.26,37.30,3422500,0.860,-2.254
2001-08-30,37.58,37.99,35.24,35.50,6161800,1.800,-4.826
2001-08-31,35.70,35.80,34.58,34.99,4941900,0.510,-1.437
2001-09-04,35.00,35.72,34.81,35.00,3201900,0.010,0.029
2001-09-05,34.99,35.00,32.18,32.36,9215500,2.640,-7.543
2001-09-06,32.36,32.52,30.20,30.49,9242200,1.870,-5.779
2001-09-07,30.48,32.15,30.00,31.57,6786000,1.080,3.542
2001-09-10,30.90,32.92,30.62,32.76,5492700,1.190,3.769
2001-09-17,32.08,33.00,30.51,30.67,6836800,2.090,-6.38
2001-09-18,30.90,31.00,28.08,28.08,7634900,2.590,-8.445
2001-09-19,28.85,28.85,25.50,26.41,11533700,1.670,-5.947
2001-09-20,29.25,29.25,25.90,28.39,6978800,1.980,7.497
2001-09-21,30.12,30.12,27.05,28.30,8460100,0.090,-0.317
2001-09-24,29.45,29.83,27.00,27.00,5060600,1.300,-4.594
2001-09-25,27.25,27.73,26.99,27.00,5385400,,
2001-09-26,26.75,26.82,24.66,25.15,10033700,1.850,-6.852
2001-09-27,25.00,25.40,24.46,25.25,7251400,0.100,0.398
2001-09-28,26.14,27.60,25.29,27.23,6794900,1.980,7.842
2001-10-01,27.60,29.45,27.05,29.15,6458600,1.920,7.051
2001-10-02,28.80,30.77,28.70,30.61,5732500,1.460,5.009
2001-10-03,34.44,34.44,31.20,33.49,7818400,2.880,9.409
2001-10-04,34.74,34.74,32.75,33.10,4583100,0.390,-1.165
2001-10-05,34.50,34.50,31.58,31.73,6718700,1.370,-4.139
2001-10-08,33.65,33.65,31.88,33.45,3103000,1.720,5.421
2001-10-09,34.50,34.50,33.38,33.39,3562300,0.060,-0.179
2001-10-10,33.65,35.37,33.65,35.20,3226500,1.810,5.421
2001-10-11,36.00,37.50,35.50,36.79,6664900,1.590,4.517
2001-10-12,36.59,36.99,34.70,35.81,3695600,0.980,-2.664
2001-10-15,35.20,35.21,32.94,33.17,6266900,2.640,-7.372
2001-10-16,34.30,34.90,32.63,33.84,8324500,0.670,2.020
2001-10-17,34.00,34.08,32.05,32.20,5086200,1.640,-4.846
2001-10-18,31.95,31.96,28.78,29.00,9301800,3.200,-9.938
2001-10-19,28.01,28.22,25.15,26.05,15703100,2.950,-10.172
2001-10-22,24.00,24.40,19.67,20.65,36431900,5.400,-20.729
2001-10-23,21.40,23.25,19.62,19.79,27846300,0.860,-4.165
2001-10-24,19.74,19.74,15.51,16.41,75803400,3.380,-17.079
2001-10-25,16.40,17.95,16.00,16.35,39212300,0.060,-0.366
2001-10-26,16.00,16.35,15.04,15.40,28334100,0.950,-5.81
2001-10-29,15.15,15.55,13.55,13.81,36430800,1.590,-10.325
2001-10-30,13.80,13.80,10.90,11.16,56564300,2.650,-19.189
2001-10-31,11.98,14.20,11.75,13.90,43797400,2.740,24.552
2001-11-01,13.10,13.17,11.70,11.99,30734800,1.910,-13.741
2001-11-02,11.85,11.85,10.91,11.30,28509700,0.690,-5.755
2001-11-05,11.90,12.20,11.02,11.17,23344000,0.130,-1.15
2001-11-06,11.00,11.15,9.38,9.67,44939400,1.500,-13.429
2001-11-07,9.55,9.55,7.00,9.05,111815300,0.620,-6.412
2001-11-08,8.80,10.00,8.19,8.41,60900400,0.640,-7.072
2001-11-09,8.00,9.28,7.21,8.63,75482500,0.220,2.616
2001-11-12,9.10,9.85,8.93,9.24,42332700,0.610,7.068
2001-11-13,9.50,9.99,9.05,9.98,33246100,0.740,8.009
2001-11-14,10.05,10.28,9.60,10.00,30235600,0.020,0.200
2001-11-15,9.61,9.87,9.25,9.48,20627600,0.520,-5.2
2001-11-16,9.20,9.38,8.95,9.00,16592800,0.480,-5.063
2001-11-19,8.95,9.07,8.50,9.06,17862100,0.060,0.667
2001-11-20,8.30,8.30,6.55,6.99,89927200,2.070,-22.848
2001-11-21,7.00,7.00,4.55,5.01,115636300,1.980,-28.326
2001-11-23,5.15,5.15,4.55,4.71,40696300,0.300,-5.988
2001-11-26,4.71,4.85,3.76,4.01,66891900,0.700,-14.862
2001-11-27,4.10,4.50,3.83,4.11,68945100,0.100,2.494
2001-11-28,3.90,3.90,0.60,0.61,345677400,3.500,-85.158
2001-11-29,0.46,0.52,0.30,0.36,270812700,0.250,-40.984
2001-11-30,0.37,0.38,0.25,0.26,173598200,0.100,-27.778
2001-12-03,0.45,0.45,0.26,0.40,166444200,0.140,53.846
2001-12-04,0.65,0.96,0.58,0.87,295031900,0.470,117.500
2001-12-05,1.25,1.26,0.94,1.01,239306900,0.140,16.092
2001-12-06,0.90,0.90,0.60,0.66,130436700,0.350,-34.653
2001-12-07,0.84,0.84,0.67,0.75,59363300,0.090,13.636
2001-12-10,0.88,0.90,0.79,0.81,58502800,0.060,8.000
2001-12-11,0.86,0.86,0.71,0.72,45438500,0.090,-11.111
2001-12-12,0.66,0.78,0.51,0.66,84323400,0.060,-8.333
2001-12-13,0.66,0.69,0.60,0.66,30567500,,
2001-12-14,0.67,0.67,0.59,0.63,18398700,0.030,-4.545
2001-12-17,0.60,0.64,0.55,0.57,30956100,0.060,-9.524
2001-12-18,0.59,0.59,0.50,0.50,33229900,0.068,-11.93
2001-12-19,0.50,0.51,0.41,0.44,39205900,0.062,-12.351
2001-12-20,0.41,0.44,0.40,0.42,21426700,0.020,-4.545
2001-12-21,0.48,0.59,0.45,0.53,36219200,0.110,26.190
2001-12-24,0.60,0.65,0.57,0.65,18803600,0.120,22.642
2001-12-26,0.67,0.74,0.65,0.65,32034600,,
2001-12-27,0.66,0.68,0.56,0.60,26312100,0.050,-7.692
2001-12-28,0.60,0.61,0.56,0.60,18229800,,
2001-12-31,0.57,0.60,0.55,0.60,20252400,,
